store_id,last_one_hour_uptime,last_one_day_uptime,last_one_week_uptime,last_one_hour_downtime,last_one_day_downtime,last_one_week_downtime
8139926242460185114,60,10,52,0,14,116
5415949628544298339,0,15,59,60,9,109
3408529570017053440,0,0,0,60,24,168
9055649751952768824,0,0,0,60,24,168
4428372089193592098,0,0,0,60,24,168
2689959411535120475,0,11,47,60,13,121
8297996490922435741,0,0,0,60,24,168
1050565545391667097,60,9,53,0,15,115
3483930781272060942,0,0,0,60,24,168
1740222068509982431,0,0,0,60,24,168
2859012985063828777,60,10,48,0,14,120
3828361964081888905,0,0,0,60,24,168
5789640881970906690,0,0,18,60,24,150
5723059602183693938,60,13,60,0,11,108
4378293333107164443,0,0,0,60,24,168
8778651700128892847,0,0,4,60,24,164
6666934422919388376,60,12,57,0,12,111
6163165919739157695,0,0,0,60,24,168
2190599106298424769,0,13,52,60,11,116
2225219938220197351,60,12,58,0,12,110
5925159570709352168,0,7,47,60,17,121
8175229951397380687,60,9,58,0,15,110
4292660491880158081,60,18,47,0,6,121
6733800122189753654,0,0,0,60,24,168
7463734423358941330,0,0,0,60,24,168
7622852966095963272,60,10,43,0,14,125
6160914795278193489,0,10,47,60,14,121
338646328301262317,0,0,0,60,24,168
8640972490360190883,0,11,64,60,13,104
9058019541301770690,0,0,0,60,24,168
4381311595575895588,60,11,54,0,13,114
2248905253110987612,0,8,53,60,16,115
7968584600264951543,60,12,51,0,12,117
1655838063357762151,0,0,0,60,24,168
2118894053982561987,0,0,0,60,24,168
8471700099357897929,60,14,60,0,10,108
8372524645314576802,0,0,0,60,24,168
5552924050444994427,0,0,5,60,24,163
6921452823375303736,0,3,34,60,21,134
4529169694434968721,0,5,41,60,19,127
2787020355835455025,0,9,56,60,15,112
8971475435584615792,0,8,53,60,16,115
1236888576653956449,60,12,53,0,12,115
2739250325777580694,0,0,4,60,24,164
3114628966267234599,0,0,0,60,24,168
2958221658060682960,0,10,53,60,14,115
7972619999376644068,0,0,0,60,24,168
7786277334741505527,0,0,0,60,24,168
7263129728113095915,0,2,30,60,22,138
1501752248305324318,0,0,0,60,24,168
7959626024093666288,0,0,0,60,24,168
5670977555241596822,0,8,46,60,16,122
1801116365065971671,0,0,7,60,24,161
5938218521494275420,60,17,58,0,7,110
7506757311218522218,0,0,0,60,24,168
7902319769656483014,0,0,0,60,24,168
5365891606775901565,0,0,0,60,24,168
7731628114272740713,0,0,0,60,24,168
2870952845845047203,0,0,0,60,24,168
4684120169809436364,0,11,50,60,13,118
8910898981588710522,0,0,0,60,24,168
8523889910428063033,0,13,53,60,11,115
8750493480383302874,60,9,46,0,15,122
8783340632782870568,0,0,0,60,24,168
3547443835360588068,0,0,7,60,24,161
8959583929144879812,0,0,0,60,24,168
2974109706633403181,0,0,0,60,24,168
9200325206334396031,0,1,16,60,23,152
7665740608437227886,60,16,66,0,8,102
5447095752406471819,0,2,20,60,22,148
246505907494256090,60,11,52,0,13,116
8803894796084290585,60,11,46,0,13,122
4474327339142902549,60,13,48,0,11,120
1541695097704177827,0,0,0,60,24,168
5168885062800076167,0,1,33,60,23,135
8285346587034743878,0,0,0,60,24,168
5181171500058101260,0,8,34,60,16,134
6575266446222613262,0,0,0,60,24,168
1678415024862242015,60,15,62,0,9,106
9111087628624425255,0,0,0,60,24,168
6204284763418530336,0,0,0,60,24,168
3881760078520801429,0,9,51,60,15,117
7292116609046500092,0,0,0,60,24,168
4652595129999264905,0,0,6,60,24,162
4490168262699716549,0,0,2,60,24,166
7250561679095390438,0,4,45,60,20,123
27099145190781701,60,14,52,0,10,116
7700426430210091660,0,0,1,60,24,167
7689815792422819661,0,0,0,60,24,168
534942062508143963,0,5,36,60,19,132
4186055994645210040,0,0,0,60,24,168
761150016862176214,0,0,0,60,24,168
9007766313027524324,0,0,0,60,24,168
7131983716943940560,0,0,0,60,24,168
2418585462528908688,0,0,0,60,24,168
2680489839325406534,60,14,58,0,10,110
2921770204752359016,60,12,53,0,12,115
4714225106250340108,0,0,0,60,24,168
8445695079583663910,60,12,52,0,12,116
8238018223692779431,0,0,0,60,24,168
2217565331202925858,60,13,50,0,11,118
8445372164064960268,0,11,54,60,13,114
8316894844897055929,0,0,5,60,24,163
3676139268965286790,60,9,43,0,15,125
4301772298177454840,0,0,0,60,24,168
8281805787549037440,0,0,0,60,24,168
8018186541496678058,0,0,0,60,24,168
4382118344072425968,0,12,56,60,12,112
6833286636551589412,0,0,0,60,24,168
2599611321049050132,0,3,31,60,21,137
5172683340926528202,0,12,58,60,12,110
2444571783856717430,0,0,0,60,24,168
464344448013588853,0,0,6,60,24,162
5531489951592523305,60,13,62,0,11,106
7717660522305873406,0,0,0,60,24,168
8442155930538555912,0,0,0,60,24,168
1406152021548527918,0,8,46,60,16,122
2743917683024367670,0,0,0,60,24,168
1263313221864352798,0,0,0,60,24,168
6033078927093216807,0,13,61,60,11,107
5324764130529948850,60,16,63,0,8,105
5963244290990414105,0,0,0,60,24,168
60457724125785585,0,0,0,60,24,168
2485499600567598550,0,0,0,60,24,168
7079274467824786529,60,15,51,0,9,117
1759100766811847016,0,0,0,60,24,168
5953482702228811540,60,4,28,0,20,140
7782135406639936057,0,4,31,60,20,137
6561703302272808517,0,0,0,60,24,168
2716610122072123243,60,30,103,0,0,65
5347190332832093080,0,0,0,60,24,168
8358338731902291786,60,16,55,0,8,113
7494741768470986869,60,12,54,0,12,114
5871369041881192916,0,0,0,60,24,168
4093637869733340731,0,0,0,60,24,168
4944536771765996026,0,0,0,60,24,168
5638448267600207795,0,15,61,60,9,107
6077660293503601866,0,4,19,60,20,149
158406589678859173,0,0,0,60,24,168
7614824149049759851,60,26,107,0,0,61
4980781886232290796,60,27,125,0,0,43
148795032015503980,0,0,0,60,24,168
7048905833395581738,0,14,61,60,10,107
3520543761789396773,60,11,61,0,13,107
7700782639388559644,60,9,56,0,15,112
8032203943642240039,60,22,123,0,2,45
3511697439746388335,0,10,51,60,14,117
541109969542481625,60,13,59,0,11,109
2243645196147922938,60,15,49,0,9,119
8138753161225770962,60,13,44,0,11,124
4564476575467126467,0,13,51,60,11,117
2745405131043922955,0,10,51,60,14,117
367590061114712815,0,0,28,60,24,140
4392262532304212457,60,14,36,0,10,132
8204802052972909326,0,16,65,60,8,103
8260425251717833965,60,14,45,0,10,123
2723370672116413902,60,15,53,0,9,115
4328591465187020322,0,0,0,60,24,168
5013320822136552165,60,13,59,0,11,109
7315424696798227151,0,11,44,60,13,124
84556309993044773,0,6,28,60,18,140
5501223155082294021,0,0,0,60,24,168
7082578511700830448,0,0,0,60,24,168
3735062644644951598,0,0,0,60,24,168
6885055584095593568,60,26,113,0,0,55
2739506591976043860,0,7,28,60,17,140
7570269368745353854,60,28,98,0,0,70
3880151045864708269,0,0,0,60,24,168
3904969617592740705,0,3,42,60,21,126
6293447473718103019,60,22,97,0,2,71
9093184199664355954,0,0,0,60,24,168
3639357247132139641,0,0,3,60,24,165
4452511061815625182,60,15,58,0,9,110
4302876854415357898,0,14,63,60,10,105
9187547007090535526,0,9,52,60,15,116
6102129618872858606,0,0,0,60,24,168
6828664592648566966,60,24,98,0,0,70
4294796976390641784,60,12,33,0,12,135
2799412755942795518,60,22,73,0,2,95
5228523973235102150,60,27,90,0,0,78
7787233413436356353,60,16,54,0,8,114
8767068586059881204,0,0,0,60,24,168
6047205650421415000,0,13,56,60,11,112
1653546505509885456,0,10,47,60,14,121
2435196420942917349,0,15,68,60,9,100
2357757371120531929,0,0,3,60,24,165
404347378606512385,0,21,68,60,3,100
7920342993186169703,0,15,60,60,9,108
1749934803604450894,0,11,63,60,13,105
4683660238197535839,60,13,46,0,11,122
590843890890025127,0,0,0,60,24,168
8518420877315551053,0,0,0,60,24,168
8174582901236810236,60,12,58,0,12,110
1247679670163222814,0,0,0,60,24,168
2093459406570130080,0,3,19,60,21,149
6552433352624117779,0,0,0,60,24,168
5128069222245972936,0,0,4,60,24,164
5617147641233795296,60,11,61,0,13,107
2328922577549224385,0,20,93,60,4,75
8902299702965892833,0,27,115,60,0,53
5772275248460011564,0,16,55,60,8,113
7709672704889672140,0,16,63,60,8,105
1568938491008399136,60,16,43,0,8,125
7598275831951085035,0,17,66,60,7,102
5484740482186213372,60,13,60,0,11,108
4270744069660276008,60,23,105,0,1,63
5934756706876462824,60,35,140,0,0,28
5332269489088543854,0,11,46,60,13,122
2821716218327194996,0,0,3,60,24,165
2141385027021675889,0,0,0,60,24,168
2107845511883729045,0,3,23,60,21,145
5645218418215070857,60,12,56,0,12,112
3121383547391132887,0,0,5,60,24,163
8470714152989033556,0,11,52,60,13,116
1142217956989272744,0,0,0,60,24,168
6940297665890606054,0,9,41,60,15,127
4378492065940312953,0,6,29,60,18,139
4668147078195147229,60,14,56,0,10,112
1265586619698561267,0,0,0,60,24,168
4108771977457241007,0,0,4,60,24,164
442221075012068131,60,9,55,0,15,113
1133297841839630705,60,9,56,0,15,112
4393726559807507255,0,0,0,60,24,168
2570503046636429378,0,15,69,60,9,99
2741813902405087050,0,0,33,60,24,135
114275044024650773,60,13,54,0,11,114
3430291845684286642,60,8,27,0,16,141
2789835417512749936,0,0,0,60,24,168
6561574537151816086,0,0,0,60,24,168
96562112022963516,60,10,48,0,14,120
7535412366097548723,0,4,25,60,20,143
3587665864946240964,0,0,0,60,24,168
2601623541509400542,0,11,53,60,13,115
7516542846385307227,0,0,3,60,24,165
3510851156832069763,0,10,55,60,14,113
7735253880009557608,60,12,62,0,12,106
4624725758261783243,0,10,60,60,14,108
3261499711683468740,0,11,58,60,13,110
891329511295269720,60,10,55,0,14,113
8395278100631560761,60,27,113,0,0,55
2543361499493856526,60,11,47,0,13,121
1352067438971867278,60,21,94,0,3,74
8158574425503693718,0,10,50,60,14,118
978662904734234369,60,10,54,0,14,114
8284419975823451193,60,13,38,0,11,130
4568804477775278696,0,0,0,60,24,168
3334018861623947597,0,0,0,60,24,168
5869359793550600766,0,0,0,60,24,168
3967308403807969669,60,14,53,0,10,115
7915689110941151310,60,11,58,0,13,110
5749922296635145506,60,5,23,0,19,145
8494749731668571682,60,12,56,0,12,112
9125769193436105000,60,12,52,0,12,116
8804060814231974834,0,0,0,60,24,168
6762475149574716258,0,0,12,60,24,156
8567568702056553166,60,12,53,0,12,115
2062632175994588271,0,11,60,60,13,108
2326998101403619796,0,0,0,60,24,168
3476297652413330731,0,12,58,60,12,110
8769244068032301610,0,14,105,60,10,63
1281369870889059404,0,0,0,60,24,168
7484228659551863931,0,11,53,60,13,115
5194480840419173071,0,3,16,60,21,152
7913048394031126738,0,11,54,60,13,114
7107629672848489940,0,15,51,60,9,117
7101133681770744047,0,12,59,60,12,109
5285677229247796985,0,0,0,60,24,168
2447384155877148423,0,14,66,60,10,102
3004335085266214420,0,11,60,60,13,108
4616172507620864132,0,0,0,60,24,168
4479691732026209340,60,14,55,0,10,113
6833173360315994191,0,6,48,60,18,120
6348248333327710775,0,10,51,60,14,117
3733328457465971628,60,21,71,0,3,97
2696644192611925431,0,9,57,60,15,111
8721185064311032518,0,0,7,60,24,161
4147900741778358744,60,15,56,0,9,112
5048390595707248268,60,11,52,0,13,116
6236032181607039940,0,11,54,60,13,114
4398082883008351949,0,12,57,60,12,111
8656974969835091987,60,11,49,0,13,119
78840133745304014,0,0,0,60,24,168
3344763649801164460,60,7,34,0,17,134
1552357708124022142,0,8,58,60,16,110
5528766180183805661,0,0,0,60,24,168
6252624026242162708,60,12,52,0,12,116
4923162991944642705,0,3,17,60,21,151
6792005552508373456,60,9,51,0,15,117
3207936275085636287,60,23,101,0,1,67
1227925152111468964,0,0,0,60,24,168
3830435584849095889,60,16,59,0,8,109
5721357029476609077,0,15,66,60,9,102
1495179965606986494,0,0,0,60,24,168
5610412530533291063,0,0,0,60,24,168
9111813718630350474,60,12,51,0,12,117
7001015127375054226,0,0,0,60,24,168
2126569572325536294,60,23,72,0,1,96
4664838166424751162,0,20,80,60,4,88
1062490453651181568,0,0,5,60,24,163
3119561459267159151,60,17,65,0,7,103
5829217592981755483,0,5,34,60,19,134
229392696493371616,60,10,57,0,14,111
3897548149267830666,60,13,52,0,11,116
7898009483253486425,60,16,58,0,8,110
7116155571181942746,0,16,68,60,8,100
3408762813100733141,60,15,61,0,9,107
6202874450801049187,0,10,48,60,14,120
4248854976462323200,60,10,55,0,14,113
6540865366107698272,0,0,0,60,24,168
3750497338178007450,0,0,0,60,24,168
544843242554356188,0,0,0,60,24,168
4681743429609749121,0,14,61,60,10,107
1245871250837592404,0,0,0,60,24,168
2742003467129972596,60,12,50,0,12,118
6817327931256412969,0,11,47,60,13,121
6108971205781098565,60,30,98,0,0,70
145417959116960440,0,0,3,60,24,165
2671352006512594556,60,13,54,0,11,114
5516253888190090178,0,5,30,60,19,138
3673755321638450787,60,20,108,0,4,60
757564082742101725,0,0,0,60,24,168
391996128555104689,0,0,11,60,24,157
1024015964072928046,0,0,10,60,24,158
4307011245033810874,60,15,62,0,9,106
8833174126387019785,0,0,0,60,24,168
2378940157071248391,0,8,45,60,16,123
2460010385978945388,60,14,61,0,10,107
2607803237069552758,60,15,53,0,9,115
5441697692781080792,0,0,7,60,24,161
2942562654126415992,60,14,49,0,10,119
8342809399303170104,0,0,0,60,24,168
5514360354119431183,0,0,0,60,24,168
7669040490108017952,60,16,45,0,8,123
12572597046904092,0,13,50,60,11,118
1324681203567490082,60,21,102,0,3,66
3970428415823108093,0,0,0,60,24,168
1281962307190481769,60,17,86,0,7,82
7865853505802791614,0,0,37,60,24,131
339527900019182494,0,11,62,60,13,106
2200316197143126398,60,15,57,0,9,111
849669130903883218,0,14,62,60,10,106
1120203242682432112,0,0,0,60,24,168
1339634828329062513,60,13,59,0,11,109
8377637253278141924,60,30,103,0,0,65
1406055937856189625,0,11,59,60,13,109
5670063460750150662,60,25,103,0,0,65
4756832881864797637,60,15,57,0,9,111
7848107479568999542,0,14,50,60,10,118
7102602689636982474,60,11,51,0,13,117
3528905339584729426,0,0,0,60,24,168
6644346740593479671,0,13,49,60,11,119
7298697060786411262,0,0,0,60,24,168
332573856100750857,0,7,34,60,17,134
8046946363444153301,0,15,68,60,9,100
921857799091881195,60,12,48,0,12,120
8469454412704129667,60,12,48,0,12,120
6842397837840074931,60,12,57,0,12,111
3335936003001211540,60,26,107,0,0,61
1494721423399185336,60,6,36,0,18,132
5548591958446704772,0,0,0,60,24,168
3355650025131059565,0,0,1,60,24,167
4823461475864726096,60,15,69,0,9,99
3309449187761773285,0,0,8,60,24,160
6908789011556253351,0,9,49,60,15,119
8165685535525538800,0,17,56,60,7,112
7384579014141510360,0,0,0,60,24,168
1912555533282230523,60,39,148,0,0,20
4176667942951462854,0,11,50,60,13,118
6935189878675027473,0,0,37,60,24,131
8493329891106339753,0,0,0,60,24,168
6534582361387159998,0,0,0,60,24,168
4958276022230275279,60,12,53,0,12,115
6263806500030725828,60,16,51,0,8,117
4656329363676640496,0,0,11,60,24,157
5882131408888381960,0,0,0,60,24,168
5148694224669442750,0,0,2,60,24,166
7377442190619561655,0,0,8,60,24,160
8241407863379904851,0,13,64,60,11,104
6243851406198325678,0,0,0,60,24,168
8739366148952710727,0,0,39,60,24,129
6459845284155432644,0,28,120,60,0,48
810957447354664574,60,15,63,0,9,105
8970509312518893785,0,0,0,60,24,168
1759040210299471913,0,7,40,60,17,128
3131488116569714251,0,0,0,60,24,168
5044586070385128581,0,26,68,60,0,100
7466277663248763659,60,12,62,0,12,106
6703745954269203712,60,14,56,0,10,112
3655250411246040457,0,0,0,60,24,168
4608713669307530996,60,9,59,0,15,109
9218470229355806679,0,0,0,60,24,168
2689915302676052787,0,0,0,60,24,168
3181682982511372161,0,10,57,60,14,111
8957564409329106783,60,8,50,0,16,118
5437414992872782794,0,0,5,60,24,163
1736823622651363324,60,10,58,0,14,110
5225120952399060307,60,13,59,0,11,109
6421416286321404209,60,29,120,0,0,48
8525317248689089924,0,0,0,60,24,168
5885389123242289716,0,27,107,60,0,61
1568048303936889128,60,37,147,0,0,21
1275530718017616233,60,12,56,0,12,112
7423028298759910665,60,18,104,0,6,64
2222659961197665002,60,19,65,0,5,103
2581306311641061569,0,0,0,60,24,168
4439758315040000214,0,0,0,60,24,168
2816010346575914202,0,12,39,60,12,129
9091984024869413132,0,0,28,60,24,140
3010734844991134260,0,12,56,60,12,112
3478508669626617796,0,0,0,60,24,168
922677094745545948,60,31,128,0,0,40
8510657403329403361,0,11,41,60,13,127
2544654206029195412,0,0,0,60,24,168
1085824308941718209,0,4,21,60,20,147
7642900884278143798,60,26,110,0,0,58
4772426002265484977,60,14,62,0,10,106
8839009347165021967,0,12,53,60,12,115
1076326551375173763,0,0,0,60,24,168
3483396411645927810,60,22,101,0,2,67
8383837387169593069,60,14,64,0,10,104
8596104727907893615,0,0,0,60,24,168
5943691394885647081,0,0,8,60,24,160
7160291849340964918,0,12,58,60,12,110
8705601254340815493,60,16,65,0,8,103
4164786324368398402,60,10,36,0,14,132
1329620749273573213,60,27,116,0,0,52
3872163434748924812,0,0,0,60,24,168
530052332378613789,60,17,57,0,7,111
544421500538284823,0,11,30,60,13,138
8252810315979230650,60,17,58,0,7,110
2654794462633250702,60,11,60,0,13,108
5638371070040836066,60,12,61,0,12,107
4647070785754553179,0,12,56,60,12,112
5414311746658143054,0,8,33,60,16,135
6651116329301285608,0,0,0,60,24,168
6022548883305393564,60,29,121,0,0,47
3182483432348915988,0,0,0,60,24,168
6710364911321105729,0,0,0,60,24,168
7431024604579120252,60,14,56,0,10,112
8516636064198554687,60,20,77,0,4,91
4866400698986294569,0,9,31,60,15,137
2237237809358266022,60,16,58,0,8,110
5404373355533072272,0,0,0,60,24,168
807795446744791539,60,14,59,0,10,109
3636679415424536226,0,12,35,60,12,133
5519546548733745356,0,0,0,60,24,168
3302025903868811555,60,12,66,0,12,102
3570313972097068018,0,0,0,60,24,168
2169420598568208664,60,12,54,0,12,114
7369000223881875999,0,0,33,60,24,135
1600945327166552615,0,0,0,60,24,168
5011875935689158149,0,0,0,60,24,168
8057193747432734671,0,0,0,60,24,168
6814306481052341158,60,12,69,0,12,99
6082960386530651837,60,13,57,0,11,111
8302393800798571304,60,14,60,0,10,108
4917202297383237926,60,14,52,0,10,116
6953348387419728440,0,10,41,60,14,127
2152172270735743834,60,13,60,0,11,108
3217866581073341993,0,0,0,60,24,168
4921318406079072062,0,7,36,60,17,132
222120335767680780,60,12,46,0,12,122
5366893348553692452,0,0,0,60,24,168
191331733720214713,60,31,143,0,0,25
7235724709470150362,0,0,0,60,24,168
1704502456927455373,0,1,14,60,23,154
505566916207950598,0,0,37,60,24,131
7852975887098099378,60,11,50,0,13,118
4789157162476311805,60,15,51,0,9,117
3301402885999045956,0,14,59,60,10,109
4025243709505534400,0,0,0,60,24,168
2717033434149907233,60,10,46,0,14,122
5623183175403629727,0,2,18,60,22,150
7764169820811597185,60,11,41,0,13,127
8496299046890675668,0,0,0,60,24,168
2755282567814293240,60,12,52,0,12,116
7542507095706884557,0,0,0,60,24,168
6711428470739531382,0,0,3,60,24,165
3955175527438439049,60,14,65,0,10,103
8363703646299213971,0,0,4,60,24,164
4390339339092922880,60,15,46,0,9,122
2819620032108319968,60,8,49,0,16,119
8273753264268101658,60,9,51,0,15,117
1059123788319082228,0,0,0,60,24,168
6321616220523777465,0,0,0,60,24,168
8562380563167441809,0,0,0,60,24,168
4846221263435180255,60,12,42,0,12,126
468251853021790099,0,12,54,60,12,114
8317560550989820837,0,0,0,60,24,168
6189768128772440449,0,15,57,60,9,111
10913998916849586,0,8,53,60,16,115
396078877209258585,0,0,0,60,24,168
7685023249649306361,0,0,0,60,24,168
6570957590527764528,0,0,0,60,24,168
1851462329436760047,0,12,58,60,12,110
9094899234157960657,0,10,53,60,14,115
3109175233871883374,0,0,0,60,24,168
1834569743158088021,60,19,67,0,5,101
4424946105527141451,60,9,56,0,15,112
2999376585553443335,60,11,48,0,13,120
3472583359122033940,0,13,58,60,11,110
7186159957839323524,0,0,0,60,24,168
7829875808885458590,0,0,0,60,24,168
5857383362689775783,0,12,52,60,12,116
8245825950638749372,0,7,40,60,17,128
4681761385056565771,0,15,55,60,9,113
3199288788810367360,60,11,45,0,13,123
8024838149298896430,0,0,0,60,24,168
4738825005004186886,60,28,102,0,0,66
2557363912224593999,0,6,60,60,18,108
7093743177671699467,0,0,0,60,24,168
1603774261069625841,60,13,60,0,11,108
2740314805467984430,60,24,77,0,0,91
1095317074200225605,60,15,53,0,9,115
2336119809941801598,0,0,7,60,24,161
4113789786207506299,0,11,56,60,13,112
1530189762783095168,60,12,63,0,12,105
9028358488290162703,0,9,61,60,15,107
4211742229230531986,0,0,0,60,24,168
86280978327987306,0,1,13,60,23,155
2794668734436382699,0,10,56,60,14,112
2637135180128265866,0,12,58,60,12,110
7285025333367797175,60,14,55,0,10,113
4229534553524953507,60,7,36,0,17,132
7872057805038703923,0,0,36,60,24,132
3478034052400425126,0,11,61,60,13,107
3705229786086545658,60,13,49,0,11,119
4455955882727210429,0,0,0,60,24,168
7378209180335728706,0,15,70,60,9,98
3835220596587037896,60,15,61,0,9,107
6934282015525708051,60,17,58,0,7,110
2739571364086420885,60,23,116,0,1,52
2378235490339082505,60,18,64,0,6,104
4631422733156765096,0,14,53,60,10,115
498507889058368504,0,0,0,60,24,168
8562888091899130185,60,13,51,0,11,117
3526550107739667540,0,0,0,60,24,168
3585657517109439062,0,6,40,60,18,128
6374225983522703190,0,0,0,60,24,168
3815439093006914422,60,13,60,0,11,108
3272045057316259592,60,22,92,0,2,76
5048490932761510857,0,0,5,60,24,163
5775255591306877364,0,0,0,60,24,168
7582069595165541352,0,0,5,60,24,163
5658095063472105077,0,0,0,60,24,168
8783702544048545188,0,0,9,60,24,159
3230649452233072527,0,9,55,60,15,113
4545109870331407179,0,16,61,60,8,107
1387499127856730283,0,0,0,60,24,168
3773190039392271685,60,10,54,0,14,114
2603208997901235365,60,9,35,0,15,133
1699237904069988468,0,10,52,60,14,116
61249558930922388,0,0,0,60,24,168
8156012280066976692,60,10,40,0,14,128
2237706596783713721,60,13,53,0,11,115
6552654471062018440,0,0,11,60,24,157
6936490969710201366,0,0,0,60,24,168
2399528086871175580,0,0,0,60,24,168
663034937572544197,60,13,62,0,11,106
669891907552658421,0,21,121,60,3,47
5102129532826692428,0,0,0,60,24,168
8933079223550783226,0,11,56,60,13,112
294330749305213289,60,11,53,0,13,115
7707528008225066648,0,15,40,60,9,128
1641569296021103785,60,15,53,0,9,115
4301691019706464256,0,23,101,60,1,67
6922065097784044235,0,0,0,60,24,168
5364482641103760905,60,14,66,0,10,102
8947746420989097145,60,19,70,0,5,98
4750972984503710487,0,0,6,60,24,162
3194503360329838738,0,3,30,60,21,138
5328868441857118583,0,0,0,60,24,168
3695022570505501051,0,0,0,60,24,168
7051857931649539994,60,12,30,0,12,138
1457721081990653172,0,12,60,60,12,108
4258430292538152783,0,0,0,60,24,168
106468360682739586,0,10,56,60,14,112
7313783811030440445,60,11,38,0,13,130
8835187269741245949,0,0,3,60,24,165
2254345540888774754,0,15,44,60,9,124
8091378431608170005,0,14,60,60,10,108
7042794996615483386,60,12,43,0,12,125
7680612665427845811,0,13,54,60,11,114
2378834470095357297,0,10,65,60,14,103
8670696899878762943,60,11,59,0,13,109
6104774241364058349,60,31,119,0,0,49
1868307042375215207,60,8,34,0,16,134
918401936273728554,60,11,54,0,13,114
5366072592790137092,0,0,0,60,24,168
7078500601172140486,0,0,0,60,24,168
5587568496527379193,60,13,60,0,11,108
5175069132751814351,60,14,53,0,10,115
3683209280250377921,0,0,0,60,24,168
7681219113084292190,60,9,38,0,15,130
1921454076511895339,0,0,16,60,24,152
3480743953780628156,0,16,67,60,8,101
6361135200790329214,60,10,59,0,14,109
8167861777770124168,60,15,48,0,9,120
7284033073501154264,0,11,54,60,13,114
1087889765091730849,0,7,30,60,17,138
4993050751327963474,0,0,9,60,24,159
2088770151390257149,0,1,45,60,23,123
5288022037722914898,0,0,3,60,24,165
1758856469274535983,0,11,43,60,13,125
1499848007077225326,0,0,20,60,24,148
1479192551603889353,0,0,0,60,24,168
2119174631289855900,60,14,33,0,10,135
7966661384416535769,0,13,63,60,11,105
7680753725527618600,0,0,0,60,24,168
7197782624768298303,0,0,0,60,24,168
8457830603693431027,60,18,59,0,6,109
7586236246925198801,0,0,0,60,24,168
8950409301820724580,0,0,0,60,24,168
7863591736472240852,0,11,53,60,13,115
8720357761989598898,0,0,0,60,24,168
3557299608514966155,0,10,58,60,14,110
1019604210961591619,0,11,55,60,13,113
203579134595321677,60,9,54,0,15,114
673229154936580065,60,14,58,0,10,110
6150710830392700827,60,14,69,0,10,99
3478937946272191427,60,16,58,0,8,110
2847403169862292114,0,0,0,60,24,168
8268352865482234759,0,0,11,60,24,157
7738559705422502250,0,14,57,60,10,111
4197788539591985681,0,28,104,60,0,64
8083815008799489135,0,1,33,60,23,135
815627275967566024,60,12,47,0,12,121
8485659148100683543,0,22,105,60,2,63
9122234953594183574,0,2,18,60,22,150
6393855138573945748,0,0,0,60,24,168
3945441938695925496,60,25,96,0,0,72
8615198867927056105,0,0,0,60,24,168
6140591906088014644,60,14,55,0,10,113
7133242594833843971,0,0,0,60,24,168
7692838032555156056,0,9,49,60,15,119
55151290366655015,60,2,24,0,22,144
1450203922509823592,0,9,55,60,15,113
4186126092625522102,0,0,7,60,24,161
6700827192863201373,0,0,6,60,24,162
299227269549581664,60,15,63,0,9,105
8756957520812511864,60,5,50,0,19,118
2790188243792541721,0,0,0,60,24,168
5780813717310121743,60,16,61,0,8,107
1631016403623179868,0,9,35,60,15,133
8990811386950295397,60,9,51,0,15,117
6116589245105686742,60,8,44,0,16,124
9216608060240292676,0,0,0,60,24,168
5383477212520237550,0,11,56,60,13,112
5631063694141032107,0,0,33,60,24,135
7738034470109474246,60,15,53,0,9,115
8749623912306953167,60,29,134,0,0,34
887677403014442528,0,0,0,60,24,168
4936277927121415237,0,13,54,60,11,114
4448610765855439068,60,30,113,0,0,55
6836033035108373086,0,8,21,60,16,147
234569288492497785,0,0,0,60,24,168
1348165316793721419,60,24,105,0,0,63
584751489929412132,60,13,55,0,11,113
5279170232832428827,0,3,14,60,21,154
5707114606967434560,0,0,0,60,24,168
8208813797060980336,0,0,0,60,24,168
5887114744057520370,60,12,55,0,12,113
2599475649067501230,0,13,58,60,11,110
1278643893148035299,0,10,56,60,14,112
3512974005350486928,0,0,3,60,24,165
4960244948227053133,60,11,50,0,13,118
9211173451848779996,0,14,52,60,10,116
2067164734746716745,60,13,58,0,11,110
752281089013846258,0,0,27,60,24,141
4674224899881959248,0,11,53,60,13,115
3419360295103124992,0,6,32,60,18,136
3391217351846804188,0,0,0,60,24,168
6489431294482978593,0,12,64,60,12,104
3186439736636543527,0,0,0,60,24,168
448492328628553910,0,0,0,60,24,168
8155883240225168501,60,36,143,0,0,25
4966605174073389857,0,0,17,60,24,151
6087886175480507340,60,6,28,0,18,140
4912020775266070696,0,0,0,60,24,168
2524362373133678272,0,0,0,60,24,168
6498887499737752417,0,0,0,60,24,168
1825417801525034310,60,39,129,0,0,39
3613694851117232441,0,7,38,60,17,130
690952768266334262,0,8,30,60,16,138
6449099494722666792,60,25,96,0,0,72
5912314869414264686,0,0,0,60,24,168
1391578054319204544,60,21,106,0,3,62
4319734319707522753,0,0,7,60,24,161
4090481524831590900,0,0,0,60,24,168
5707059129682144444,60,13,57,0,11,111
2866836428660074348,0,3,18,60,21,150
2594115075249930979,0,0,5,60,24,163
4071913031448196877,0,5,21,60,19,147
8478471844472110694,0,20,74,60,4,94
523049297143591344,0,1,12,60,23,156
6312260978612109571,0,0,0,60,24,168
9185710811148449966,0,8,54,60,16,114
5984095994339754784,0,10,28,60,14,140
1712278235275382444,0,10,51,60,14,117
3299199489872676166,0,0,69,60,24,99
6418821628339996480,0,0,61,60,24,107
5357681752363472539,0,0,0,60,24,168
6251702277533981511,60,14,49,0,10,119
7948639756958513365,0,0,0,60,24,168
9021704785002140475,60,13,57,0,11,111
7037281316468280772,0,0,0,60,24,168
6518644166216963647,60,13,56,0,11,112
8892632628742932253,0,0,8,60,24,160
2571476781076473087,0,0,2,60,24,166
8957614279107724771,0,14,62,60,10,106
5556620704743447028,0,11,40,60,13,128
7361989448977438530,0,0,0,60,24,168
3770336430042470748,60,14,58,0,10,110
2429898146291919515,0,0,2,60,24,166
5668663208996864175,60,14,59,0,10,109
7830218091412521629,60,13,64,0,11,104
2259299822304943848,60,11,52,0,13,116
3002563977790624247,0,0,6,60,24,162
3164140584655400199,0,12,62,60,12,106
7258872551189940695,0,0,0,60,24,168
2102359227516493703,0,6,39,60,18,129
6917905471606886917,60,9,41,0,15,127
7049954960452260217,60,15,67,0,9,101
2619296338467852730,60,16,62,0,8,106
6804389613752301838,60,14,49,0,10,119
7136624914682454167,0,0,5,60,24,163
9090972170317646015,60,24,119,0,0,49
5261885258646532685,0,14,59,60,10,109
2680650532958055131,0,0,0,60,24,168
4953746467243872212,0,11,64,60,13,104
4643583928115726413,60,22,104,0,2,64
1849388240019458095,60,30,113,0,0,55
7374835621024359510,60,31,104,0,0,64
6958552992876076586,0,0,0,60,24,168
5767579036605507392,0,6,33,60,18,135
3460865388202472641,0,8,38,60,16,130
6582094359147206562,0,18,91,60,6,77
5507678232745829789,60,14,55,0,10,113
3361278033591045661,0,14,62,60,10,106
3406213355646882913,0,0,0,60,24,168
3736020474948612623,60,20,108,0,4,60
7613925694041750584,0,0,0,60,24,168
7972220492862956982,60,28,104,0,0,64
8502849623777369877,60,15,65,0,9,103
5959131204362887425,0,0,9,60,24,159
9091598463726892679,0,0,12,60,24,156
3698023975922519548,0,11,34,60,13,134
3196451615340323996,0,12,36,60,12,132
2543587898066870083,0,13,58,60,11,110
1030744217790694351,0,0,0,60,24,168
8190956604937856935,60,28,101,0,0,67
4319847457369554750,0,20,93,60,4,75
1306376180873819584,0,12,61,60,12,107
219481587825507923,0,14,48,60,10,120
5541569550477620896,60,9,53,0,15,115
4740534269615446483,0,0,0,60,24,168
4453200001850213794,60,27,108,0,0,60
421098262850813416,0,11,44,60,13,124
2219094123661863605,0,11,67,60,13,101
1589868723132088414,0,0,0,60,24,168
8789085811028500642,0,8,51,60,16,117
4079089274955837207,60,14,66,0,10,102
732111080654770566,0,0,0,60,24,168
1844746250096089921,0,0,9,60,24,159
495872192131912338,60,18,67,0,6,101
3042465185631957721,60,13,61,0,11,107
4411773601118000118,60,26,110,0,0,58
6808784752574698744,0,10,61,60,14,107
5964200933232420586,0,0,0,60,24,168
3525036210361946574,60,15,62,0,9,106
8552358569457577396,0,0,0,60,24,168
7219400997093143883,0,11,51,60,13,117
7506008567511802466,60,26,109,0,0,59
2426065873113268109,0,0,0,60,24,168
5354461434537750315,60,15,59,0,9,109
6521709332044336823,0,0,0,60,24,168
8430834726849408278,0,15,64,60,9,104
7764287629026272070,0,20,110,60,4,58
2582708219038444833,60,10,39,0,14,129
2862331239181113705,60,10,66,0,14,102
5030599329267502189,0,20,103,60,4,65
4217851448495228964,0,0,0,60,24,168
497720491861994823,60,10,50,0,14,118
6673937918210303628,60,23,117,0,1,51
7793988520768291619,0,9,40,60,15,128
3771463485782823457,60,2,20,0,22,148
8580273057013579487,0,0,4,60,24,164
568283481102428664,0,0,0,60,24,168
4421288579483257531,60,8,29,0,16,139
4566431304983148889,0,3,14,60,21,154
1714909675947238649,0,0,6,60,24,162
2906370246630323779,0,0,0,60,24,168
3823987586241023406,60,12,46,0,12,122
1438440129937723749,0,14,54,60,10,114
819095352994081469,60,15,66,0,9,102
6672358313930068568,0,0,7,60,24,161
2666209032810109242,0,12,52,60,12,116
6521240417322624256,60,21,68,0,3,100
5820772308537174327,60,14,56,0,10,112
9058354613267166746,0,0,4,60,24,164
2475650598922944667,60,25,102,0,0,66
7127159501408290773,0,10,47,60,14,121
1254840125994230190,0,0,0,60,24,168
4732139104302921271,0,0,0,60,24,168
1913159033416889517,0,0,0,60,24,168
1124015659351481418,0,0,0,60,24,168
6453972879086835313,0,13,60,60,11,108
200167416351454357,60,6,32,0,18,136
8586165988377528596,60,15,52,0,9,116
2959138085859903490,0,0,0,60,24,168
7599966346464687477,0,13,60,60,11,108
2749037103784818563,0,0,0,60,24,168
916184387448422638,0,5,25,60,19,143
4207849458368143009,0,0,0,60,24,168
3458686109894901608,60,10,58,0,14,110
4141636340392982309,0,1,10,60,23,158
1371849574488074547,0,16,58,60,8,110
1371997620756405325,60,10,52,0,14,116
7364665232486517015,60,10,50,0,14,118
1287736612225561084,0,0,32,60,24,136
3979734616819094992,60,21,105,0,3,63
4819303266845858418,0,5,25,60,19,143
8754037299794781932,0,24,98,60,0,70
8850787479646852679,0,0,0,60,24,168
741582341860926253,0,0,6,60,24,162
7444716675586660524,0,12,61,60,12,107
5925908653270249344,0,0,0,60,24,168
5015159283312873114,60,30,104,0,0,64
5946972083867051183,60,24,101,0,0,67
5159878404342626391,0,0,5,60,24,163
3060741418678840896,60,10,58,0,14,110
6693835398675714278,0,0,0,60,24,168
7722193507131423111,0,10,43,60,14,125
8556921637233741846,0,0,0,60,24,168
7361102123552834037,60,22,72,0,2,96
2123709446545200911,0,22,120,60,2,48
9160893453047180543,0,13,50,60,11,118
97178307441486002,0,11,59,60,13,109
226384701555673146,60,31,99,0,0,69
435085418018390256,60,15,54,0,9,114
7919799563790260571,60,13,56,0,11,112
7011132323267779050,60,10,47,0,14,121
6914747689514833207,0,10,55,60,14,113
5704365908807155452,60,13,46,0,11,122
3192652934668828619,0,8,54,60,16,114
6451990592605289918,60,14,56,0,10,112
3054456904754042262,0,0,0,60,24,168
1050521747034630519,0,0,0,60,24,168
3747499719140042200,60,14,54,0,10,114
7362792770515105047,60,13,42,0,11,126
2200811824942607177,0,0,7,60,24,161
8185596343344179578,60,21,107,0,3,61
6064066189457611359,60,12,51,0,12,117
8750077875509858628,60,12,47,0,12,121
1356639062004033069,0,0,0,60,24,168
5873420561510150431,60,15,60,0,9,108
4743255264227164964,0,0,0,60,24,168
4491819993312601195,0,10,59,60,14,109
6447334345695462104,60,23,77,0,1,91
2013561676421083817,0,5,30,60,19,138
8958648822425380516,0,11,61,60,13,107
1580101797067746428,0,0,0,60,24,168
4713142533156884849,0,9,53,60,15,115
2837852186305332910,0,8,43,60,16,125
4038082880129066347,0,0,0,60,24,168
751852163964670433,0,11,52,60,13,116
803265990180573432,60,21,96,0,3,72
7294048986593259344,0,0,0,60,24,168
4256136510857173014,60,9,37,0,15,131
1237832351878275948,60,14,61,0,10,107
660813193985177775,0,0,3,60,24,165
1869238669889378147,0,0,0,60,24,168
2343433192993580670,0,9,41,60,15,127
3191503606930686973,0,12,29,60,12,139
6122083003778400912,0,0,7,60,24,161
2804435898366535856,0,13,47,60,11,121
3324030567183829850,60,11,54,0,13,114
5557722306630894210,60,11,56,0,13,112
2650516056461391279,0,0,0,60,24,168
6293405985670147657,60,14,57,0,10,111
226072070942895639,0,0,0,60,24,168
3072450101185104763,0,17,57,60,7,111
4986081097183220101,0,0,0,60,24,168
3922988079736481532,0,0,0,60,24,168
8719470752573853695,60,11,53,0,13,115
6233736271756057791,60,12,55,0,12,113
4375407253113357692,0,0,0,60,24,168
5523391085148600449,0,0,8,60,24,160
6414533977419626526,0,7,50,60,17,118
7549938997280081169,0,0,0,60,24,168
4957109032670368344,60,15,53,0,9,115
1841819220122241606,0,0,0,60,24,168
2441408053249350573,0,28,124,60,0,44
219695402222975151,60,11,57,0,13,111
4308716327356326641,0,0,6,60,24,162
3186178442210385316,0,15,56,60,9,112
2982850244696162903,60,12,63,0,12,105
6243878889832386076,60,21,101,0,3,67
8991209400382186377,60,2,13,0,22,155
5145591169411116218,0,0,0,60,24,168
7306894114896605584,0,2,15,60,22,153
935974959390587892,0,3,17,60,21,151
8266393569960240479,60,19,97,0,5,71
4873647322106633953,60,20,104,0,4,64
6916037338549121180,0,13,54,60,11,114
6857135258254265593,0,10,55,60,14,113
4161772017643582927,60,31,124,0,0,44
1352595710113623376,60,9,52,0,15,116
1195597592963692878,0,14,50,60,10,118
6087083978055560812,60,9,48,0,15,120
6272901838375088552,0,0,0,60,24,168
7834232823683467966,0,11,51,60,13,117
1265618319626440838,60,15,71,0,9,97
466834410540172344,60,14,50,0,10,118
3859463111626099136,0,0,0,60,24,168
8452777618327034567,0,14,52,60,10,116
3832894647282914485,0,0,0,60,24,168
7118921019941583924,60,16,52,0,8,116
6630662777571457708,0,0,0,60,24,168
6514029577432232231,0,0,1,60,24,167
7003649883691974790,0,0,0,60,24,168
130955237087450280,0,0,0,60,24,168
6530239491569517622,60,10,35,0,14,133
4338345080498315675,60,13,57,0,11,111
1222535850393860412,60,27,96,0,0,72
7319330480267641891,60,7,26,0,17,142
7589827169500497867,0,0,0,60,24,168
1533903692306113107,60,18,67,0,6,101
6689623260520570330,0,12,57,60,12,111
5108980723963467503,0,0,0,60,24,168
4465184548745789760,60,18,57,0,6,111
6737616692153207290,0,7,51,60,17,117
3248965879582094198,0,11,43,60,13,125
5081715036100836729,0,0,5,60,24,163
8070722223338266232,60,10,37,0,14,131
4449997582152856966,0,12,58,60,12,110
3390153829311738919,0,25,112,60,0,56
6591749030352608125,60,11,55,0,13,113
5905706931709191245,0,0,2,60,24,166
2494310527535070667,0,0,6,60,24,162
3767574309250544663,0,13,57,60,11,111
5400810281617691359,0,0,0,60,24,168
3830830144736939469,60,13,52,0,11,116
1222893676877529147,60,12,56,0,12,112
8477226174020564716,0,0,0,60,24,168
2518194778748263352,60,9,55,0,15,113
2980961008473659402,0,0,0,60,24,168
3165603542422832458,60,10,69,0,14,99
6999761133614228784,0,0,0,60,24,168
667833821729270380,0,12,58,60,12,110
3886022363052852641,60,7,39,0,17,129
5463331764180716776,0,7,49,60,17,119
3061344743089708812,0,9,33,60,15,135
6240774843076437601,0,0,0,60,24,168
2027209964346458699,0,0,0,60,24,168
6799704751597808784,0,15,58,60,9,110
4650620284862627501,0,5,36,60,19,132
6885740106641037102,60,24,95,0,0,73
5277571766080786770,0,0,5,60,24,163
6041947650055882306,0,15,55,60,9,113
8057204907167274318,0,0,0,60,24,168
3259756080377944475,60,14,59,0,10,109
8207758013351082541,60,13,56,0,11,112
2679124398332312892,60,14,38,0,10,130
4343365755751864239,60,16,54,0,8,114
7811780403049229937,60,12,58,0,12,110
461925840980287263,0,27,104,60,0,64
5960515524698016488,0,12,54,60,12,114
7146859192891703417,60,25,85,0,0,83
750270952748783600,0,0,0,60,24,168
2714760176913238454,60,13,50,0,11,118
2076194416220430123,0,0,0,60,24,168
1038266841183338064,60,13,59,0,11,109
5124661901286665930,60,15,60,0,9,108
3958235490145261247,0,0,0,60,24,168
7593920064176793423,0,0,0,60,24,168
8528312407607344491,0,0,39,60,24,129
3063955310568742423,0,9,48,60,15,120
986005178164070807,0,8,42,60,16,126
2659535035040072426,0,16,61,60,8,107
2700861810192743230,60,20,66,0,4,102
3274975949635480151,60,22,118,0,2,50
2270781978737349701,0,13,56,60,11,112
4242576272961952236,60,30,121,0,0,47
616582292964319224,0,11,60,60,13,108
2215773843009654110,60,13,50,0,11,118
2849133417129379800,60,12,53,0,12,115
207146620966629535,60,15,60,0,9,108
7206381619567002665,60,13,59,0,11,109
8530628936809393607,60,21,97,0,3,71
247628394492274140,0,11,63,60,13,105
8366349577194256830,60,9,40,0,15,128
4338052572429671405,0,8,58,60,16,110
4146890361284182655,60,10,58,0,14,110
4462219569594733796,60,16,59,0,8,109
2526028253610433739,60,16,65,0,8,103
3855456092385652485,0,9,47,60,15,121
4147638319038342252,0,10,59,60,14,109
5009225373959901596,0,0,0,60,24,168
3412174378523973497,0,0,0,60,24,168
3498075361737969647,60,12,55,0,12,113
5108158250960934003,0,0,0,60,24,168
3735257578617428830,60,8,56,0,16,112
5812126343451879206,60,32,106,0,0,62
1117000796123240530,0,8,34,60,16,134
3845007594793691128,60,12,54,0,12,114
7922695432257390169,60,14,59,0,10,109
6961914867439911240,0,8,51,60,16,117
2776552099673652520,60,10,45,0,14,123
5692403791547114243,0,16,65,60,8,103
7738012949906578753,60,13,63,0,11,105
1971607333245639153,0,11,53,60,13,115
5739845485401709808,0,0,0,60,24,168
4053941272932293138,0,27,123,60,0,45
1925668359834157162,0,0,3,60,24,165
7963559274370048536,60,11,69,0,13,99
4296862946067446403,0,0,0,60,24,168
8276601063195163042,0,6,45,60,18,123
2550566020830125139,60,15,58,0,9,110
4756361864046569544,60,27,104,0,0,64
579468893655914961,0,0,0,60,24,168
2380841143263286439,0,0,25,60,24,143
4891207584054151295,60,28,109,0,0,59
930651615304630906,60,13,59,0,11,109
8075922097288207276,0,10,49,60,14,119
5856311688745503306,0,0,0,60,24,168
5631841752214948847,0,0,0,60,24,168
8637317869289237717,0,9,47,60,15,121
8496910712821448478,0,0,0,60,24,168
2578577599122607800,0,11,51,60,13,117
7169425814577237058,60,10,64,0,14,104
1816215248112665233,0,8,44,60,16,124
8933646585248067682,60,15,56,0,9,112
5154809280252928084,60,12,55,0,12,113
808938633227012075,60,9,30,0,15,138
2141998158763226466,0,0,10,60,24,158
6462546161367621216,60,15,63,0,9,105
8568541389938552968,0,0,0,60,24,168
2677415097765332649,60,25,108,0,0,60
5323869639023492655,0,6,35,60,18,133
2031469184292562578,0,0,0,60,24,168
4951294527917132374,0,14,55,60,10,113
8233954658295489378,0,25,96,60,0,72
6677413050879391233,0,0,5,60,24,163
6735523535885162364,60,14,64,0,10,104
2208220409008547336,0,12,60,60,12,108
5116207495649368965,0,0,0,60,24,168
8606993479096520533,60,14,51,0,10,117
4074377367930081393,0,0,0,60,24,168
1422431014167366751,0,27,107,60,0,61
2177976958350880069,0,9,41,60,15,127
4129014816561330607,60,14,64,0,10,104
5727335955215724563,60,12,49,0,12,119
3280015877085264302,60,19,119,0,5,49
5771356199323794208,0,11,53,60,13,115
4725816009603526095,0,9,53,60,15,115
168921235812740107,60,11,51,0,13,117
6192677996259677514,60,12,54,0,12,114
860563955861104071,0,10,56,60,14,112
3851494955760727227,60,26,115,0,0,53
7224362898323979243,60,11,47,0,13,121
8696038038286752423,60,28,110,0,0,58
5169820018544744097,60,13,55,0,11,113
4512909604559457010,60,10,56,0,14,112
7977754422962025886,0,8,57,60,16,111
3107437901270453701,0,10,48,60,14,120
5473163136688283346,0,0,0,60,24,168
8986513270859819579,0,10,46,60,14,122
6493387160582322726,0,15,56,60,9,112
5461821923796235392,0,0,0,60,24,168
3705130235836966700,0,0,4,60,24,164
7945455645770674132,60,27,100,0,0,68
3983096514439153434,60,9,53,0,15,115
5793938162326382521,0,0,30,60,24,138
7866555864675856310,60,10,40,0,14,128
9168064215912195547,0,13,64,60,11,104
4401603917454685829,60,14,62,0,10,106
6935725210121631030,0,2,54,60,22,114
7899691756043177767,0,11,65,60,13,103
9041196746080750817,0,0,0,60,24,168
601095860876938851,0,0,0,60,24,168
6149329214616253955,0,0,0,60,24,168
5219461104801722552,60,10,54,0,14,114
6592481242907585984,60,13,63,0,11,105
2702925541921081675,0,12,54,60,12,114
8189139484866742253,0,10,53,60,14,115
7411808757846896118,60,16,51,0,8,117
6661914542832104706,0,0,0,60,24,168
4599395172955194364,0,0,0,60,24,168
6037050074272178059,60,26,116,0,0,52
865468627764502081,0,6,52,60,18,116
5926125815991804223,0,12,56,60,12,112
3518990827468643381,60,22,105,0,2,63
12554962621156313,0,7,56,60,17,112
7030594696425269456,0,11,54,60,13,114
7946790431636627927,60,8,26,0,16,142
7298002708205545583,0,0,23,60,24,145
7189634496735049301,60,9,33,0,15,135
1427565505000897768,0,0,0,60,24,168
4197415161025199006,0,14,57,60,10,111
2933733739106941079,0,8,24,60,16,144
5980097341571606340,0,29,115,60,0,53
689240958317491151,0,0,0,60,24,168
7538828005526079906,0,16,56,60,8,112
193219532417572392,0,0,0,60,24,168
2741837295837673320,0,11,62,60,13,106
8773807999464794658,60,10,39,0,14,129
4727315467264790210,0,4,19,60,20,149
900977009264996690,0,0,4,60,24,164
6537307614567953764,60,12,41,0,12,127
5920854274538194496,60,15,53,0,9,115
3808691522792855844,0,10,51,60,14,117
2237011952430139780,0,0,0,60,24,168
8890918772413473815,0,3,21,60,21,147
1812517191230394418,60,12,47,0,12,121
1948635487198749597,60,29,118,0,0,50
544751337026033356,60,15,64,0,9,104
5020366832659001618,60,17,60,0,7,108
5869112070855963433,0,18,71,60,6,97
9135376746703825482,0,7,46,60,17,122
8238845516718412825,0,14,57,60,10,111
8642716421544277989,0,24,94,60,0,74
8351938960851279600,0,20,102,60,4,66
7337055476993304985,0,14,58,60,10,110
6840217364823005466,0,0,0,60,24,168
6833466353831334043,0,0,0,60,24,168
2288615046965733738,0,20,110,60,4,58
111941507920209544,60,18,108,0,6,60
7182721609750608360,60,10,53,0,14,115
3247467178930873213,0,13,65,60,11,103
6522439880587126670,60,9,55,0,15,113
7719273265680521560,0,0,0,60,24,168
1795841618784473992,60,14,52,0,10,116
2353662177430675049,0,0,0,60,24,168
8120450114880457128,0,0,0,60,24,168
7495218260150380874,0,11,65,60,13,103
6798575823657502981,0,0,0,60,24,168
2132672654783243680,60,13,51,0,11,117
5940817359304121893,60,13,52,0,11,116
3150938828689993831,0,9,36,60,15,132
7641835876128038693,60,13,56,0,11,112
2844028874608509157,0,13,52,60,11,116
4654077832816314254,0,0,41,60,24,127
2329438754940173763,0,10,60,60,14,108
3508848803428156587,0,9,39,60,15,129
2730798026104488590,0,2,23,60,22,145
3928309158290768106,60,14,46,0,10,122
9031794217730432885,60,16,61,0,8,107
5186803160954887082,0,8,46,60,16,122
4980240044339856880,60,15,66,0,9,102
2872044828601230301,60,9,34,0,15,134
6726834973017894334,0,0,0,60,24,168
6595293431502230220,0,0,0,60,24,168
2727814058680719480,60,14,50,0,10,118
361716544185527290,0,8,61,60,16,107
1734786176041223780,0,14,60,60,10,108
8591736750183524626,0,0,0,60,24,168
828120331760331407,60,17,72,0,7,96
5065586669576705469,0,0,39,60,24,129
6142556542410065530,60,9,40,0,15,128
4461353840131243850,60,10,49,0,14,119
1289414230815207727,0,0,0,60,24,168
1248084586349114830,0,0,0,60,24,168
5693932324957995427,60,27,105,0,0,63
4844927469879359466,0,21,122,60,3,46
2393140357982629680,60,30,125,0,0,43
1644437974845280499,0,12,60,60,12,108
6334610233846936840,60,30,123,0,0,45
348393327834868246,60,27,101,0,0,67
3506212080619365659,0,12,59,60,12,109
5159224775776161342,0,11,51,60,13,117
6964072444411989135,60,10,51,0,14,117
9069506421887062097,0,7,49,60,17,119
6815851310669318930,0,13,48,60,11,120
3285163259624303018,0,7,40,60,17,128
2855836748558356864,0,12,58,60,12,110
6580306548101511351,0,0,0,60,24,168
3746337340630362309,0,14,57,60,10,111
7708553023414002215,0,6,31,60,18,137
4834531116663167944,0,0,8,60,24,160
2271724281092439369,0,10,60,60,14,108
8005273041461452250,0,12,58,60,12,110
363355339286630347,60,12,48,0,12,120
572603891092687104,0,0,41,60,24,127
7429020984312919763,0,0,7,60,24,161
8195913556815806449,0,0,0,60,24,168
6844232678587230767,60,13,57,0,11,111
2873873834630969098,60,10,33,0,14,135
5381506466434639920,0,23,109,60,1,59
4201758791582005746,0,17,59,60,7,109
3181898990960972439,60,4,43,0,20,125
3363197639082248845,0,3,28,60,21,140
6885889376085579874,60,14,53,0,10,115
5174734920814414932,0,17,99,60,7,69
4447383039205942483,0,0,6,60,24,162
3835829669333675834,0,0,0,60,24,168
932490204728169468,0,0,1,60,24,167
3988637586874022280,0,0,0,60,24,168
2030701550166610417,60,37,144,0,0,24
231926578378663872,0,8,48,60,16,120
5617498176877551491,60,9,54,0,15,114
4867888014647332816,0,9,51,60,15,117
5470419844826255568,0,0,0,60,24,168
5874832250364935234,0,0,0,60,24,168
635527607352796646,0,12,48,60,12,120
4708329725210919824,0,27,119,60,0,49
3297005821508605709,0,10,52,60,14,116
3176987468930469373,60,13,60,0,11,108
4439408696490866948,0,12,49,60,12,119
2291702842452519994,0,0,0,60,24,168
3535308467705245068,60,19,35,0,5,133
8096291521279945299,60,24,111,0,0,57
3559301946464521454,0,0,0,60,24,168
4159147177864939740,0,9,56,60,15,112
2046507257744621680,0,0,9,60,24,159
6254326899789577138,60,14,59,0,10,109
4154052917226667554,0,7,50,60,17,118
639160350491765635,60,18,64,0,6,104
2647818083036840309,0,0,36,60,24,132
8103641987546674162,0,0,0,60,24,168
7674310523499335885,60,14,64,0,10,104
2830148524344610113,60,16,53,0,8,115
2256891244970674616,0,5,46,60,19,122
3007923405636930115,60,12,56,0,12,112
176727949560886529,60,13,36,0,11,132
9178123963209347003,0,17,63,60,7,105
6740287257327733121,0,0,0,60,24,168
8427088793331759868,0,1,45,60,23,123
3890026735274614423,0,0,5,60,24,163
6333067582250039865,60,14,67,0,10,101
1427926801760199006,0,0,0,60,24,168
4259516171382709531,0,0,9,60,24,159
8126286623121401342,0,0,31,60,24,137
2489755613113194798,0,11,63,60,13,105
1955253343388998556,60,14,56,0,10,112
1953573185154578071,0,0,0,60,24,168
3348545353495285151,0,10,51,60,14,117
685049524857579475,60,24,110,0,0,58
8722530629876555495,60,10,57,0,14,111
12292291527292130,0,12,51,60,12,117
8972117509130677763,60,9,58,0,15,110
5027879983581438187,60,20,110,0,4,58
4282946015059217148,0,0,0,60,24,168
3105924853113370630,60,14,50,0,10,118
8629338475496770706,60,12,55,0,12,113
5794710983765806708,0,19,67,60,5,101
9026927296874235746,60,18,105,0,6,63
4959375595225157928,0,0,5,60,24,163
5669138452980324424,60,16,60,0,8,108
1015372118842025109,60,14,57,0,10,111
8056535549079348007,0,32,127,60,0,41
3626560366438412927,60,25,91,0,0,77
6477439952825991417,0,0,5,60,24,163
7633935717604868007,60,13,57,0,11,111
608367747035643343,0,0,2,60,24,166
9030355941379728727,0,11,54,60,13,114
1368310763058997413,0,0,14,60,24,154
4296793967686199323,0,0,2,60,24,166
7805059339739905541,60,10,58,0,14,110
6145613313149326909,60,29,99,0,0,69
4660294944079808920,60,8,39,0,16,129
5085186408017083549,0,0,0,60,24,168
38494670445584126,60,12,60,0,12,108
6903551803222930475,60,15,62,0,9,106
4160499691020877612,0,0,4,60,24,164
2692428880134718909,0,0,0,60,24,168
8465465452650771902,0,9,53,60,15,115
7627757745553126748,60,11,63,0,13,105
6480468549338480258,0,10,61,60,14,107
4346538424892707735,0,0,0,60,24,168
6110899143249591239,60,26,111,0,0,57
484919085854279953,0,0,0,60,24,168
4834448181781672657,0,0,0,60,24,168
967769613825971361,0,0,6,60,24,162
4183916078234360938,0,7,25,60,17,143
1884061068584019885,0,0,0,60,24,168
2935032505897598300,60,10,53,0,14,115
8775179075535049751,60,9,39,0,15,129
3269942943023449689,0,10,60,60,14,108
3465633230040366608,0,0,1,60,24,167
2825817670836812339,0,14,54,60,10,114
8242750384886943291,0,9,55,60,15,113
1389947929028395698,0,0,4,60,24,164
4110711427141755746,0,0,0,60,24,168
8028409442324849383,60,15,67,0,9,101
6250709951432398414,0,10,56,60,14,112
298215208449301787,60,13,60,0,11,108
7478499051019290305,0,14,66,60,10,102
8021199754209033153,0,0,0,60,24,168
5856207430251169662,0,4,42,60,20,126
619131443606580972,0,7,32,60,17,136
6368252169950689489,60,9,56,0,15,112
151841899671632191,0,0,0,60,24,168
586539305786722500,0,0,0,60,24,168
6721107047378509248,0,0,0,60,24,168
3891633739237018161,0,0,0,60,24,168
3715642935235849877,0,0,0,60,24,168
6384248135781430554,0,13,61,60,11,107
1995511881983092139,0,11,60,60,13,108
2008206457875066270,60,12,57,0,12,111
759601765366096871,60,10,54,0,14,114
6344854658537020671,0,24,125,60,0,43
3432509842523250130,60,10,58,0,14,110
1355892312080130128,60,22,99,0,2,69
3016091460815975321,0,1,5,60,23,163
6763125841776527048,60,12,57,0,12,111
2123566102392568398,60,10,59,0,14,109
4904865724346814072,60,8,39,0,16,129
3039655988289653719,0,0,0,60,24,168
5795671895020956831,60,10,57,0,14,111
1694074305867984076,0,10,53,60,14,115
856719627986319071,0,7,60,60,17,108
7856790887170224214,60,14,60,0,10,108
3816848420034333538,60,12,47,0,12,121
1517232373106574528,0,0,52,60,24,116
3712926783419347029,60,13,53,0,11,115
6941680746321578972,0,0,0,60,24,168
5820676031104153411,0,4,24,60,20,144
2547992708873404100,0,8,51,60,16,117
5458199175049287402,60,23,95,0,1,73
6998855253550228677,0,14,62,60,10,106
2381053929409436826,0,0,0,60,24,168
9133128872503252875,0,10,44,60,14,124
1113317606098222174,0,0,37,60,24,131
5896856080346444123,0,0,2,60,24,166
6572750966483197283,0,0,0,60,24,168
3908679685571177787,0,0,4,60,24,164
8858630212429552295,60,27,114,0,0,54
9150091768716543323,0,0,0,60,24,168
5759984956833975469,0,0,0,60,24,168
2162134002810778274,0,0,0,60,24,168
4227239637430929061,0,11,57,60,13,111
4127105604797317363,0,23,121,60,1,47
755505858787614696,0,0,0,60,24,168
2044998118361987443,60,16,55,0,8,113
2930875376885155428,0,10,59,60,14,109
4015654224615399823,60,8,35,0,16,133
705646462036142816,0,0,0,60,24,168
3256083352226676361,0,0,0,60,24,168
5068311308013712012,0,3,31,60,21,137
7767453872961789940,0,0,0,60,24,168
1462383639902863464,0,0,0,60,24,168
2994022963734577033,0,0,0,60,24,168
4266586913934195225,0,14,60,60,10,108
2273729559629689205,60,15,55,0,9,113
873673800041401959,0,0,13,60,24,155
247090130107873031,0,0,0,60,24,168
871696124274661954,60,6,47,0,18,121
8336744814516803108,0,0,4,60,24,164
4536375727700249996,0,0,0,60,24,168
1886094822273762805,0,7,34,60,17,134
2706499680141579869,60,16,61,0,8,107
8726180759127473795,60,17,62,0,7,106
8950986559297867242,0,8,40,60,16,128
5670526858901086083,60,10,49,0,14,119
811919176723517720,60,5,45,0,19,123
2594173285337178606,60,11,69,0,13,99
4434978090183605049,0,12,56,60,12,112
6833038653322117888,0,6,29,60,18,139
2290582861195917029,0,0,5,60,24,163
263527344476124274,0,9,56,60,15,112
5879110080685321729,0,0,0,60,24,168
6289246475327161600,0,0,3,60,24,165
5509212291139912630,60,11,54,0,13,114
447762645128411304,60,12,51,0,12,117
3457392698987083660,0,0,23,60,24,145
9153472472329657638,0,10,52,60,14,116
3611582295813924315,60,9,30,0,15,138
6810152570415721455,0,1,26,60,23,142
3956998170701080399,60,8,34,0,16,134
7602854667803633986,60,29,115,0,0,53
2258111763364276424,0,0,0,60,24,168
6914543985318280950,0,13,64,60,11,104
2575199723503992910,0,0,10,60,24,158
3065043782772945562,60,12,59,0,12,109
6681641672448643769,0,0,0,60,24,168
5737392147807394026,60,11,56,0,13,112
1428413118182590770,0,16,68,60,8,100
1834697006544709034,0,0,0,60,24,168
6572691417276092419,0,10,57,60,14,111
5842339469919498093,0,0,0,60,24,168
8063099224942407520,0,16,65,60,8,103
2005674103669197410,0,9,60,60,15,108
1280895621280357418,60,13,54,0,11,114
8100204669004416300,0,0,0,60,24,168
1657068354749574999,0,0,6,60,24,162
6446340465821354679,0,7,47,60,17,121
7711547212112709252,0,9,50,60,15,118
5225537473802697968,0,11,54,60,13,114
8184541060973816044,60,10,58,0,14,110
5699121857246910449,60,5,44,0,19,124
4349950795007580892,0,16,62,60,8,106
8049280625203009775,60,13,63,0,11,105
5326692589277424912,0,13,36,60,11,132
732059470813496273,0,0,0,60,24,168
2423943992167867605,0,8,50,60,16,118
3199893599627465052,0,8,45,60,16,123
7071199965586852400,60,22,120,0,2,48
4090983686278922261,0,0,0,60,24,168
8101855577400468231,0,0,6,60,24,162
2934949347001498307,60,12,58,0,12,110
2088244420953704754,60,12,56,0,12,112
7033165611979416251,60,12,48,0,12,120
2139547710804371134,60,14,61,0,10,107
5543374504310665529,0,7,35,60,17,133
3196388226108233073,60,8,49,0,16,119
7424942221091619565,0,0,0,60,24,168
7000990758405822461,0,12,51,60,12,117
3958504370770368511,60,11,58,0,13,110
4885625923193538281,60,21,81,0,3,87
5935158312950980626,60,23,118,0,1,50
4261229539399143667,0,11,54,60,13,114
4544186006394581748,0,0,35,60,24,133
7164112860831997739,0,0,0,60,24,168
1312024387053793548,0,0,3,60,24,165
2093785541953693714,60,12,51,0,12,117
5613997515443536260,60,15,61,0,9,107
8003768751519789143,0,0,0,60,24,168
7832216227316686083,0,0,0,60,24,168
6309257991070235349,0,0,0,60,24,168
4733661221408916791,0,7,35,60,17,133
8780024185399572338,0,0,3,60,24,165
8339624504086875822,60,9,51,0,15,117
7329999789647416792,0,0,0,60,24,168
9190242697788825452,0,10,52,60,14,116
864431652083407397,0,0,0,60,24,168
4391872422244247128,0,0,0,60,24,168
5390954985241596011,0,14,60,60,10,108
5449809553492927759,0,10,51,60,14,117
6340073367066583180,0,11,58,60,13,110
6592609963459366848,0,0,0,60,24,168
6252476787770945613,60,15,52,0,9,116
676507087248283649,0,0,0,60,24,168
8515809781167862488,60,11,56,0,13,112
1994996095849096915,0,3,28,60,21,140
3197675147181791575,60,14,57,0,10,111
2456109151254511524,60,11,57,0,13,111
2445269677627156869,60,10,60,0,14,108
542747566724720875,0,0,0,60,24,168
7369529658416201360,0,11,51,60,13,117
6287378304654076893,0,0,0,60,24,168
5679404731506960928,60,10,53,0,14,115
7895892371378217901,60,12,57,0,12,111
2911791788846622304,0,14,52,60,10,116
6103400722605449439,0,16,68,60,8,100
1809412484919932951,60,9,50,0,15,118
7957467095168145239,60,18,63,0,6,105
2093253001538706725,0,1,14,60,23,154
6474758764658020840,0,0,0,60,24,168
535349685582365965,60,6,36,0,18,132
6979445589997825512,60,13,54,0,11,114
2543166394195558282,60,7,39,0,17,129
2988224721108930984,60,24,104,0,0,64
7302373880548361329,0,11,58,60,13,110
2927341459859454630,60,11,37,0,13,131
4136120523067181734,0,13,57,60,11,111
7892877416406478401,0,0,6,60,24,162
2800262726601661714,0,8,50,60,16,118
5080480145098327060,0,0,0,60,24,168
171819201025808799,60,8,34,0,16,134
5080221580337934575,0,12,55,60,12,113
5256836027167202551,60,16,54,0,8,114
1363166507682123182,0,5,39,60,19,129
3555361785112614182,0,0,0,60,24,168
7840525054690447810,0,8,52,60,16,116
8582314793427749848,0,17,65,60,7,103
6405099336794210520,0,0,0,60,24,168
4955022718301158351,0,0,0,60,24,168
2230549546472382567,60,15,48,0,9,120
6938106910585917450,60,15,60,0,9,108
4037711673637465855,60,14,59,0,10,109
1835202360182481346,0,0,0,60,24,168
2778791959950038080,60,11,55,0,13,113
1278461692341555618,60,13,52,0,11,116
7422816402006494705,0,29,117,60,0,51
3588337980198945708,0,0,5,60,24,163
8709334767266391542,60,11,60,0,13,108
3921423675619845230,60,12,56,0,12,112
6098179750099376245,60,12,58,0,12,110
7957957650008068907,60,15,61,0,9,107
6155383995939773335,0,0,0,60,24,168
6909949213476034361,60,10,49,0,14,119
1710069523770191433,0,0,25,60,24,143
6506377118731161525,60,11,54,0,13,114
6605212453505276838,0,10,56,60,14,112
658548288761565288,60,18,65,0,6,103
5210049695501532671,60,17,63,0,7,105
8076429304293317296,0,2,19,60,22,149
28729668599803486,0,7,58,60,17,110
2454029148522845822,0,15,57,60,9,111
7244359871284464722,0,10,58,60,14,110
2130599665961645995,60,14,62,0,10,106
3390537997411188482,60,8,57,0,16,111
267404321924500393,60,33,107,0,0,61
7359316090119129836,60,16,72,0,8,96
2252322210208570442,0,0,9,60,24,159
5333639956568317773,60,11,38,0,13,130
452391049918232490,0,0,0,60,24,168
8146565851323274418,0,12,53,60,12,115
8696915118823971670,0,0,0,60,24,168
6417178618384415725,0,11,52,60,13,116
637127477775232375,0,10,48,60,14,120
4641198803096110975,0,13,64,60,11,104
4274853886622362009,60,28,116,0,0,52
7531416287306780570,0,0,0,60,24,168
3445787600397040271,0,0,0,60,24,168
9074593440244938522,60,12,54,0,12,114
7145644558278364540,0,18,69,60,6,99
8440288822899677247,60,14,58,0,10,110
7476799844454560478,0,0,10,60,24,158
8963976788055082960,0,13,35,60,11,133
3833419514885917360,0,0,0,60,24,168
6043319529281350831,0,12,58,60,12,110
6344217321429902827,0,0,0,60,24,168
3528343852790842826,60,27,114,0,0,54
245857556228995031,0,10,29,60,14,139
6367527142356968655,0,9,43,60,15,125
6611611742761405755,0,0,0,60,24,168
6659619482289126204,0,10,56,60,14,112
6339172938984470603,0,0,0,60,24,168
3134875978583147463,0,0,3,60,24,165
4858892462574028473,0,10,52,60,14,116
6462216422834030371,0,14,63,60,10,105
2993668851137155800,0,11,33,60,13,135
7387908251190896571,0,14,68,60,10,100
5862427699172610258,60,10,63,0,14,105
1617212284455386506,60,11,57,0,13,111
2370616473453925929,0,8,38,60,16,130
4046561655914112533,60,7,52,0,17,116
6893698645586753370,60,15,59,0,9,109
8913578703139896605,0,13,52,60,11,116
2103533453289991255,60,11,54,0,13,114
8437758182726127596,60,10,59,0,14,109
3394966524821445547,60,26,99,0,0,69
6890816814711015861,60,11,43,0,13,125
2406070911662488388,0,0,0,60,24,168
8711309925947621730,0,12,63,60,12,105
4994161820476032925,0,0,5,60,24,163
3808770199942400387,60,15,48,0,9,120
4961791508590082161,60,27,103,0,0,65
6435066211261359684,60,23,103,0,1,65
1178964235062641776,0,12,61,60,12,107
229647184903513856,60,30,118,0,0,50
3436949144990419524,60,16,42,0,8,126
6925534251064540907,60,16,63,0,8,105
7181144904544260692,0,0,5,60,24,163
4521472232575735964,60,11,62,0,13,106
5683982283609387482,0,0,0,60,24,168
7726990107824789399,0,19,100,60,5,68
7384625213120901413,0,0,34,60,24,134
5377381950395898267,0,0,0,60,24,168
4683675581178408550,60,10,52,0,14,116
6818937948934561959,60,13,49,0,11,119
6260904301470786235,0,0,0,60,24,168
5850727318571781541,0,0,0,60,24,168
6750108882353399316,0,1,14,60,23,154
7270426920742764473,0,29,107,60,0,61
8911685494020612523,0,14,56,60,10,112
918312552680666127,0,17,77,60,7,91
2217132500365894790,0,0,4,60,24,164
4259094555600252883,0,14,50,60,10,118
6941024492615764114,60,13,53,0,11,115
7233205756400294189,0,1,36,60,23,132
739597597392782948,60,11,56,0,13,112
1036522294471450615,0,1,9,60,23,159
4380761740069916879,60,15,65,0,9,103
5064210649275648312,0,0,0,60,24,168
1868529600079353732,60,13,47,0,11,121
2326355314033164823,0,12,50,60,12,118
2607675503703412899,0,0,0,60,24,168
5907584646518708736,0,12,33,60,12,135
567480884816909557,0,6,48,60,18,120
5852289247071517351,0,0,0,60,24,168
2856760573082275493,60,6,42,0,18,126
7582298718047979573,60,14,59,0,10,109
1490581134855292474,0,13,32,60,11,136
822111548816704100,0,0,33,60,24,135
8363926518510945331,0,0,10,60,24,158
5384075252216767747,60,13,56,0,11,112
3998797152041722629,0,0,0,60,24,168
4309781359498384566,0,0,11,60,24,157
7890986783351607686,0,0,0,60,24,168
3792652010279464282,0,0,2,60,24,166
6588580635425478260,0,5,43,60,19,125
7510944482437182123,60,11,42,0,13,126
5512997781909914626,0,6,34,60,18,134
4921552949314388712,0,11,39,60,13,129
3077272047056269687,0,0,0,60,24,168
2580432868353891756,0,9,47,60,15,121
8396227744136628622,60,7,31,0,17,137
3235674774215418597,0,0,0,60,24,168
4194569825852828462,0,12,51,60,12,117
2919613102776629805,0,14,56,60,10,112
8014143615564656818,0,0,0,60,24,168
7583660324232359666,60,15,54,0,9,114
4694308047730854595,0,0,0,60,24,168
6380040368626631959,60,13,57,0,11,111
6606181794225962362,60,8,35,0,16,133
2840903692608259286,60,11,55,0,13,113
6543840320944461775,0,0,0,60,24,168
5699540654486881559,60,17,68,0,7,100
4986119647714434512,0,17,56,60,7,112
918708781608731115,60,22,97,0,2,71
2414850804157403681,60,9,54,0,15,114
3554956826880089731,60,14,56,0,10,112
6237633587509522874,60,16,42,0,8,126
4487250929451640889,60,3,15,0,21,153
3472895491238798345,0,0,0,60,24,168
6424995853187483894,0,0,0,60,24,168
8210878269114359578,0,11,50,60,13,118
1722623926883381323,60,15,54,0,9,114
6560121894052731327,0,0,30,60,24,138
8438283892380135541,0,0,3,60,24,165
803660137715457430,0,9,42,60,15,126
2149872737222346299,0,8,51,60,16,117
2719924621885007406,0,13,57,60,11,111
3188318734323379036,60,9,51,0,15,117
6911306945187502945,60,9,58,0,15,110
957722873085710195,0,0,0,60,24,168
8387725454496056874,60,11,56,0,13,112
2841406270177587337,60,12,59,0,12,109
3888007833848400666,0,0,0,60,24,168
6935878200264996519,0,15,59,60,9,109
6320659195265613609,0,0,0,60,24,168
505655202684150689,0,0,4,60,24,164
1937069836469781385,60,11,59,0,13,109
5384723335742583304,0,0,0,60,24,168
5853179402261622109,60,25,77,0,0,91
8657506400938761672,60,17,65,0,7,103
5739710855294806901,60,9,50,0,15,118
2440416824132892491,60,28,115,0,0,53
476989989982947816,60,15,50,0,9,118
5793412675925520207,60,10,44,0,14,124
4608200526946590881,0,12,58,60,12,110
126240136410779229,60,11,45,0,13,123
5075622005126037156,0,9,49,60,15,119
5850164582268706840,60,4,23,0,20,145
6994872969501339844,60,17,77,0,7,91
3788349928183736631,0,9,52,60,15,116
8615321932013783079,60,1,13,0,23,155
8177295030995911464,60,11,60,0,13,108
2502016972363420524,60,17,67,0,7,101
4282260614519088792,60,15,40,0,9,128
5629428951417969084,0,11,60,60,13,108
9006623810946052447,0,10,62,60,14,106
2721498297859747125,0,0,0,60,24,168
6991186017041737190,0,0,10,60,24,158
935473117845137296,60,10,59,0,14,109
3908898623672223508,60,6,40,0,18,128
3672962183126915097,0,9,42,60,15,126
6820464319592535639,0,11,53,60,13,115
6366840516526120217,0,7,60,60,17,108
1935227182459261880,0,5,38,60,19,130
3610378732574761303,0,13,57,60,11,111
6502997731604744599,0,12,50,60,12,118
7790864306116399627,0,9,55,60,15,113
3376119744054624195,60,8,47,0,16,121
1651926743556396112,60,10,50,0,14,118
2226457096413969116,0,10,51,60,14,117
3109295508046684859,60,14,64,0,10,104
4099354590371662660,0,0,4,60,24,164
3595329957916124075,0,10,46,60,14,122
1821311607480479403,0,7,37,60,17,131
5362023170262589699,60,13,60,0,11,108
8375624921648395429,60,14,45,0,10,123
6524973376058199155,0,8,44,60,16,124
9166726893296106950,60,10,49,0,14,119
8649491342412854358,0,12,62,60,12,106
462436365016668786,60,11,48,0,13,120
1585657235768639585,60,11,55,0,13,113
826572836529302826,0,7,35,60,17,133
8161445465915386510,60,10,52,0,14,116
9170766298242897196,60,8,55,0,16,113
638971131575214184,60,15,57,0,9,111
3197204268652919731,0,5,37,60,19,131
4498847426248499439,0,14,52,60,10,116
7153190510917703608,0,2,23,60,22,145
8040224302022319290,0,0,2,60,24,166
6438972613142880242,60,12,56,0,12,112
1693056377707002434,0,11,51,60,13,117
2905053539790021788,60,14,71,0,10,97
6686452977783430441,0,11,49,60,13,119
4494650145393945957,0,0,8,60,24,160
4964812617424021612,0,12,57,60,12,111
2305481379384358128,60,9,48,0,15,120
5083970624789012814,0,0,7,60,24,161
3306485475920916100,0,0,7,60,24,161
3040468237874509069,0,0,6,60,24,162
5464331636223299954,0,9,58,60,15,110
3463402876865465996,60,13,56,0,11,112
8024040556936961492,60,14,54,0,10,114
5940668942962056284,0,9,44,60,15,124
6223201925302968863,0,9,49,60,15,119
7361482816753954415,0,15,56,60,9,112
7239022952016205864,0,6,59,60,18,109
6656325549152348391,60,9,54,0,15,114
881974164067848799,60,12,59,0,12,109
7555752115160416405,0,13,59,60,11,109
233202058964258241,60,12,61,0,12,107
630292852266253805,60,10,30,0,14,138
5192968077543073792,0,8,54,60,16,114
8024554890756246369,60,11,60,0,13,108
7507608410715690934,0,0,1,60,24,167
6707057414726326798,60,10,50,0,14,118
5645142350769687198,0,8,49,60,16,119
1314410509198141298,0,9,57,60,15,111
3077507910857614836,0,11,63,60,13,105
4350153076951252361,0,11,50,60,13,118
3120847115210945766,60,8,56,0,16,112
7057351888911608561,0,11,63,60,13,105
1539561789446484556,0,0,6,60,24,162
2468206559272458107,0,3,19,60,21,149
7152498101137474878,60,12,53,0,12,115
2534047405299663210,60,14,56,0,10,112
6182221449343495167,0,0,0,60,24,168
1887195649833711938,0,15,58,60,9,110
2627949047200693648,60,10,43,0,14,125
4363173458055484635,60,11,59,0,13,109
3908933766748477130,60,12,43,0,12,125
4346085466610878198,60,10,55,0,14,113
2073887815738227494,0,11,62,60,13,106
208974981066050916,0,0,0,60,24,168
3716015943975970095,0,16,61,60,8,107
1743799994211835904,60,4,23,0,20,145
405111180220825443,0,10,53,60,14,115
6878912688125997263,0,0,0,60,24,168
1850322837780194054,0,0,8,60,24,160
6730886844614923714,0,0,0,60,24,168
1707756001128342547,0,0,3,60,24,165
1762583059596794789,0,13,52,60,11,116
5785297779221538030,0,1,4,60,23,164
6672691392384860916,0,12,54,60,12,114
3457480375309860638,0,11,61,60,13,107
2617341871222155295,60,6,52,0,18,116
8409356622424605039,0,1,1,60,23,167
4634120500252471816,0,0,7,60,24,161
7684291859779392843,0,7,57,60,17,111
4068672283533098669,0,0,0,60,24,168
6103247837876484488,0,8,30,60,16,138
7344207359819222225,0,0,0,60,24,168
6695377041716322155,60,15,60,0,9,108
1154866898913760480,0,0,0,60,24,168
7681496257619914833,0,0,0,60,24,168
4322894132402478634,60,10,54,0,14,114
1909331352405887252,0,0,0,60,24,168
3219722391935007367,60,12,50,0,12,118
5723923838929179004,0,3,18,60,21,150
2225237491800114444,0,0,0,60,24,168
5021359113709321035,60,9,40,0,15,128
7158185241393750303,60,15,56,0,9,112
6494102341019174792,60,11,49,0,13,119
8766219163128997111,0,0,0,60,24,168
5167312192215444391,60,15,56,0,9,112
2453167032050200600,60,17,65,0,7,103
6923636798401240636,0,11,55,60,13,113
2739564275596596870,0,9,57,60,15,111
897815881964391782,0,0,4,60,24,164
3755436495931707689,0,8,49,60,16,119
3269700117288811474,60,14,63,0,10,105
7032069062934612950,60,17,61,0,7,107
6054731298417390431,60,14,59,0,10,109
7989252183785528262,60,16,24,0,8,144
2260725862267686697,60,17,59,0,7,109
2712896568790981573,0,15,62,60,9,106
6614995784987665414,0,11,54,60,13,114
1635143866632203146,0,10,55,60,14,113
9148401543054248385,0,0,0,60,24,168
8466230861763429486,0,0,0,60,24,168
2162527635477153553,0,0,0,60,24,168
1913412882755451355,0,0,0,60,24,168
5488247777092908961,0,0,0,60,24,168
1136601185047604763,0,10,54,60,14,114
3487824878329836237,0,10,50,60,14,118
7716893232821699046,0,0,0,60,24,168
967243366292148356,0,15,34,60,9,134
8873321417427381175,0,11,55,60,13,113
3819098133881388999,0,0,0,60,24,168
8143179622953984667,60,10,33,0,14,135
1817564475507580783,0,0,0,60,24,168
7641174548841299939,0,0,0,60,24,168
9007946568778509584,0,0,0,60,24,168
3749048312267231298,0,10,53,60,14,115
4447045313810343685,0,0,4,60,24,164
1730838565275302147,0,0,0,60,24,168
6984232154663999574,0,0,0,60,24,168
9203802216230331053,0,14,47,60,10,121
3009081779233633789,0,10,62,60,14,106
387220392248313355,0,12,52,60,12,116
8624639460772986131,0,0,0,60,24,168
117337394419525839,0,0,0,60,24,168
613649903511143917,0,2,39,60,22,129
5205333720327349593,0,1,7,60,23,161
2948021050179464414,0,0,0,60,24,168
6528136910022483077,60,18,61,0,6,107
8479469354011758083,0,15,55,60,9,113
4584417124348414214,60,15,56,0,9,112
7536503276896413286,0,12,53,60,12,115
2790500572444856504,0,0,0,60,24,168
3785759099600229770,0,12,23,60,12,145
451128482773222079,60,15,56,0,9,112
1268381018655826714,0,0,0,60,24,168
3850295072721166835,60,4,25,0,20,143
2710729824005341176,0,0,5,60,24,163
1067538211658205745,60,1,4,0,23,164
2385339653686755314,0,0,4,60,24,164
1771730855623921617,0,0,7,60,24,161
648653341414948802,60,15,58,0,9,110
3593307308101839091,0,0,3,60,24,165
5763852753260532221,60,12,47,0,12,121
3112098270997060146,60,16,55,0,8,113
8567357056104766237,0,8,49,60,16,119
7722398233697060141,0,12,62,60,12,106
2155430267808979977,60,17,61,0,7,107
1510703644379337776,0,0,3,60,24,165
5437121622598350309,60,5,43,0,19,125
4059615984705062693,0,0,4,60,24,164
5301149089444945306,0,0,4,60,24,164
6393522539354715449,60,11,47,0,13,121
3370535882803737006,0,14,62,60,10,106
8523052011079777897,60,26,106,0,0,62
7082918897161859771,0,0,0,60,24,168
1550203968025891397,60,17,68,0,7,100
1545419770545519833,0,11,50,60,13,118
6221578315584213134,0,15,51,60,9,117
9054956925766687428,60,12,57,0,12,111
6696664413840469906,0,5,41,60,19,127
2867655162727640047,0,0,0,60,24,168
4658620238784617504,60,10,35,0,14,133
6036438440024827075,0,16,59,60,8,109
328570290881190736,0,0,0,60,24,168
1659280184426945690,0,10,58,60,14,110
7516339311818737482,0,10,51,60,14,117
2798686191638942721,60,7,17,0,17,151
4843159371714888461,0,0,0,60,24,168
3859635455855017768,0,0,2,60,24,166
1318863315097217975,0,4,36,60,20,132
2378470629235571118,60,12,48,0,12,120
9081565435713941534,60,9,27,0,15,141
8008907219319216554,60,6,31,0,18,137
4123236160347608797,60,16,55,0,8,113
8949392987532344065,60,15,57,0,9,111
6224946892420269998,60,7,20,0,17,148
993361237320865016,0,12,57,60,12,111
7910251431270258778,0,0,6,60,24,162
7397753625127316040,0,0,0,60,24,168
8473273091654403087,60,8,25,0,16,143
4901729686038846379,60,13,65,0,11,103
1223071685360669337,60,9,36,0,15,132
4947873648736909763,0,18,71,60,6,97
2177931033964197696,0,11,56,60,13,112
3395977452844720098,0,15,61,60,9,107
7490410460898937023,0,7,46,60,17,122
2024048471725476000,0,0,0,60,24,168
4183280282683169507,0,0,0,60,24,168
9172487549403461832,60,14,64,0,10,104
2251661471111038113,60,9,59,0,15,109
6817629641585357385,0,0,8,60,24,160
1288576128502837923,0,6,42,60,18,126
2390459470276275664,0,5,31,60,19,137
8465585309986747858,0,0,13,60,24,155
6501100085922760616,0,16,52,60,8,116
3900891470275801313,0,0,5,60,24,163
2374380461254510574,60,8,62,0,16,106
4337341040663027872,0,0,0,60,24,168
4734326032125833324,0,0,0,60,24,168
3160686064101761937,0,4,28,60,20,140
5795061856826115010,0,7,51,60,17,117
929942020613229295,0,9,48,60,15,120
3976128239550343590,0,0,0,60,24,168
5152004392006917947,60,13,56,0,11,112
4619198948807278851,0,11,51,60,13,117
3511707858183177226,60,11,48,0,13,120
8290383827144623932,0,0,0,60,24,168
1693775767424127266,0,0,0,60,24,168
6115000348537960420,60,11,60,0,13,108
8883419743376034164,0,0,4,60,24,164
7596884334478659350,0,16,65,60,8,103
1339484018189429613,0,7,32,60,17,136
7332815864009667872,0,0,0,60,24,168
6233049406381569565,0,0,0,60,24,168
8877341605269140086,0,11,53,60,13,115
763392497407400668,0,13,57,60,11,111
9009307313764938449,60,7,33,0,17,135
795446976667062432,0,13,58,60,11,110
4978347295065501699,60,11,42,0,13,126
1146059875634627040,60,15,54,0,9,114
8676218195750676997,60,12,52,0,12,116
38331274599366702,60,13,64,0,11,104
2039543042939469804,0,0,6,60,24,162
6374846835698673119,0,0,1,60,24,167
794384167123874663,0,0,9,60,24,159
6034768323837478996,0,0,8,60,24,160
2222306727126832049,60,11,45,0,13,123
7991676056369309319,0,12,58,60,12,110
5634049097101131254,0,0,0,60,24,168
4781533602035814402,60,15,58,0,9,110
1627693942699070127,0,11,53,60,13,115
1021872076660489708,0,8,55,60,16,113
7951133550370384300,0,13,61,60,11,107
5256212912646351248,0,2,14,60,22,154
3592537263045132483,0,7,40,60,17,128
4169391438208718836,0,0,0,60,24,168
9059665149056396283,60,13,60,0,11,108
7067270630048853723,0,0,2,60,24,166
6700620084308763136,60,15,59,0,9,109
4797317693423349894,60,4,42,0,20,126
4239156448240495651,0,12,53,60,12,115
7658264150132541175,60,8,48,0,16,120
1111908011565911561,60,4,20,0,20,148
8360009220032425250,60,13,54,0,11,114
147034955688321174,0,0,7,60,24,161
7305655967015129730,0,9,53,60,15,115
8259284697786574445,0,10,51,60,14,117
9198407716773983769,0,0,0,60,24,168
5490016800940506077,0,0,2,60,24,166
2164620397703010940,0,14,46,60,10,122
7268287231350380540,60,8,25,0,16,143
8765104382410394637,60,13,60,0,11,108
6078027222447240768,60,16,56,0,8,112
7240756274794082394,0,6,55,60,18,113
3057981843713817630,0,0,0,60,24,168
2255755171671935480,60,15,58,0,9,110
811210472678855148,60,13,62,0,11,106
8303951544738520553,60,15,58,0,9,110
180254492480774710,60,12,53,0,12,115
5650259058595170673,0,7,38,60,17,130
7433398711719243797,60,12,46,0,12,122
7164558928290578365,60,11,43,0,13,125
4170308796643436141,0,0,0,60,24,168
5039914486170236743,60,12,47,0,12,121
6441718028480754732,60,15,62,0,9,106
2344569295155169595,0,12,55,60,12,113
7922992160065370660,0,0,0,60,24,168
7718498419677467865,0,9,47,60,15,121
6180038541867353479,0,0,0,60,24,168
8099747028906804612,60,10,52,0,14,116
3522397488139048593,60,18,52,0,6,116
3660284804679907562,0,0,0,60,24,168
1875964587236091780,60,13,57,0,11,111
7771306592093002784,0,0,5,60,24,163
675996890790796084,0,0,0,60,24,168
6043828506214699375,0,11,53,60,13,115
2517100731491559189,0,11,54,60,13,114
6973603538783949694,0,14,58,60,10,110
2871340414765171194,60,14,55,0,10,113
9067592419652850624,0,9,48,60,15,120
5606609525857324770,0,0,0,60,24,168
5780627919525940863,60,14,60,0,10,108
269542400927297147,0,13,57,60,11,111
8353073148539307601,60,16,58,0,8,110
8101964518357503079,0,0,0,60,24,168
8662666672395971976,60,13,61,0,11,107
3897569693919617914,60,12,55,0,12,113
4520392672582664114,60,19,67,0,5,101
2003358034507611073,0,9,49,60,15,119
1420436086967022582,60,9,60,0,15,108
5628467935462537202,0,0,0,60,24,168
8351626913391661712,60,9,52,0,15,116
8460094581317623244,60,13,58,0,11,110
7509967577070299969,0,14,57,60,10,111
1820921194440625872,60,10,20,0,14,148
4551067269363709946,0,0,5,60,24,163
678385306341067358,60,15,43,0,9,125
3344165701842741144,60,8,53,0,16,115
8987808118590671216,0,0,0,60,24,168
6299047746615925093,0,12,67,60,12,101
7975231457181971360,60,10,49,0,14,119
6762357699056007187,60,16,58,0,8,110
6880038610170188750,60,14,51,0,10,117
7083186364781072011,60,9,16,0,15,152
5278698696648217233,0,13,60,60,11,108
7185648782998525210,0,14,39,60,10,129
7328147470152912440,0,0,0,60,24,168
3453231999163270566,60,15,67,0,9,101
990212239136491976,0,0,0,60,24,168
5277293860947672799,0,0,0,60,24,168
6807898943856172607,60,14,21,0,10,147
5618202929726326138,0,1,6,60,23,162
7566074466040173531,0,0,17,60,24,151
2261834205073496672,60,11,64,0,13,104
474411767154024497,0,0,5,60,24,163
1832931292863730276,0,8,55,60,16,113
7474514881277910912,0,13,51,60,11,117
1046625104556736637,60,12,54,0,12,114
9181264351058906870,0,0,2,60,24,166
6219679476701011393,0,0,0,60,24,168
2109554170755296570,0,0,13,60,24,155
652478134821610937,0,0,0,60,24,168
7387454993601768028,0,10,46,60,14,122
832805588784302237,60,15,55,0,9,113
7888854045762673985,60,13,68,0,11,100
4765030589977636003,0,2,47,60,22,121
2180770501778260698,0,0,0,60,24,168
6602066851781529596,0,0,0,60,24,168
89462909834904041,60,12,62,0,12,106
6443269148654596479,0,0,3,60,24,165
9199339284879338550,0,1,5,60,23,163
3324627668005357668,0,10,57,60,14,111
3250917539886509343,0,8,36,60,16,132
6684297343459593518,0,1,15,60,23,153
